author_login,author_name,display_name,published_posts
davidmarsden1,David Marsden,David Marsden,667
mistertrex,mistertrex,mistertrex,292
stephenb2684,Stephen Beddows,stephenb2684,228
princenathan88,princenathan88,princenathan88,159
glen9mullan,glen9mullan,glen9mullan,106
mrp8978,mrp8978,mrp8978,67
fhirst,fhirst,fhirst,58
davidsenior1964,davidsenior1964,davidsenior1964,56
dougearle,dougearle,dougearle,48
nlittle1892,Norman Little,nlittle1892,38
alexmcleantop100,Alexander McLean,alexmcleantop100,35
thesidefoot,Tharanidharan P,Tharanidharan,34
rcbianrahul,Rahul Warrier,Rahul,33
printpint01,Mark Deadman,Mark Deadman,29
danpayne91,DP91,DP91,28
insectseige,Nick Wheels,Nick Wheels,25
gordogino,Gordon Kinnear,gordogino,23
chrismeida,chrismeida,chrismeida,23
hbojan1351721a95f,Bojan H,Bojan H,23
princemichaelwilliam,princemichaelwilliam,princemichaelwilliam,21
stephenpartington21,stephenpartington21,stephenpartington21,19
keele1k,keele1k,keele1k,19
rthomp1984,rthomp1984,rthomp1984,18
heathyb,Heath Brown,heathyb,17
salvoz17,salvoz17,salvoz17,15
mbowes92,mbowes92,mbowes92,12
91danpayne,Dan Payne,DanPayne91,12
stark76,mark stewart,stark76,11
fawltytowers12,fawltytowers12,fawltytowers12,10
theposh1976,theposh1976,theposh1976,7
jmetal011e8a29740c,Yamil Mc02,Yamil Mc02,6
robboontinternet,Robert Downing,Robert Downing,5
ruts66,ruts66,ruts66,5
nialltaylor1982,Niall Taylor,Niall Taylor,5
pidemath,Marco De Angelis,Marco De Angelis,4
ank3i,ank3i,ank3i,4
gaz33333,Garry Crawford,garryc300,4
alessandroioli1973,Alessandro Ioli,alessandroioli1973,4
nseats,nseats,nseats,4
qb3trhv8ug,DP91,DP91,4
mattuna1,mattuna1,mattuna1,4
mrpmasters,mrpmasters,mrpmasters,4
anewdayo,anewdayo,anewdayo,4
comeonborouk,Carlm_,Carlm_,4
gianlucaghio,gianlucaghio,gianlucaghio,4
eastc93,Chris East,Chris East,4
theloansigning,theloansigning,theloansigning,4
scottmckenzie2003,scottmckenzie2003,scottmckenzie2003,3
hudsonrmichael,hudsonrmichael,hudsonrmichael,3
nickjustice94,nickjustice94,nickjustice94,3
pedromartinezmartinez,Pedro Martínez,Pedro Martínez,3
ashlupton,ashlupton,ashlupton,3
gyanthecat,gyanthecat,gyanthecat,3
paulrim,paulrim,paulrim,3
princemichaewilliam,princemichaewilliam,princemichaewilliam,3
hasanlika,hasanlika,hasanlika,3
gregbilboa,gregbilboa,gregbilboa,2
dariosav,dariosav,dariosav,2
anthmaddison,anthmaddison,anthmaddison,2
mikescallotti,mikescallotti,mikescallotti,2
gregonze1c0432685,Greg Owen,Greg Owen,2
artnotherperspective,artnotherperspective,artnotherperspective,2
joshmcmilan58,joshmcmilan58,joshmcmilan58,2
jdfutures2,The Football Manager,The Football Manager,2
lh96lh,lh96lh,lh96lh,1
jamesfoster85,James Foster,James Foster,1
tony210987,tony210987,tony210987,1
elramoniano,Pablo Maggio,elramoniano,1
hussainsaif21,hussainsaif21,hussainsaif21,1
paddyd35,paddyd35,paddyd35,1
inglis77,inglis77,inglis77,1
adammc1982,adammc1982,adammc1982,1
gmarco95,gmarco95,gmarco95,1
joaopedroalves28,joaopedroalves28,joaopedroalves28,1
erropedro,Pedro Vilar,erropedro,1
giuseppetrovato1979,giuseppetrovato1979,giuseppetrovato1979,1
1973ale,1973ale,1973ale,1
